time,depth,sst,month
2021-01-01 12:00:00,0.0,25.381561,1
2021-01-02 12:00:00,0.0,25.212502,1
2021-01-03 12:00:00,0.0,25.319376,1
2021-01-04 12:00:00,0.0,25.29656,1
2021-01-05 12:00:00,0.0,25.340937,1
2021-01-06 12:00:00,0.0,25.38125,1
2021-01-07 12:00:00,0.0,25.535938,1
2021-01-08 12:00:00,0.0,25.335312,1
2021-01-09 12:00:00,0.0,25.095938,1
2021-01-10 12:00:00,0.0,25.200937,1
2021-01-11 12:00:00,0.0,25.157187,1
2021-01-12 12:00:00,0.0,25.087185,1
2021-01-13 12:00:00,0.0,24.479374,1
2021-01-14 12:00:00,0.0,23.8825,1
2021-01-15 12:00:00,0.0,24.1975,1
2021-01-16 12:00:00,0.0,24.582813,1
2021-01-17 12:00:00,0.0,24.678436,1
2021-01-18 12:00:00,0.0,24.304686,1
2021-01-19 12:00:00,0.0,24.9825,1
2021-01-20 12:00:00,0.0,25.106249,1
2021-01-21 12:00:00,0.0,24.947187,1
2021-01-22 12:00:00,0.0,24.814062,1
2021-01-23 12:00:00,0.0,24.902187,1
2021-01-24 12:00:00,0.0,24.842812,1
2021-01-25 12:00:00,0.0,24.716875,1
2021-01-26 12:00:00,0.0,24.743439,1
2021-01-27 12:00:00,0.0,24.825624,1
2021-01-28 12:00:00,0.0,24.996561,1
2021-01-29 12:00:00,0.0,25.062185,1
2021-01-30 12:00:00,0.0,24.35375,1
2021-01-31 12:00:00,0.0,24.527498,1
2021-02-01 12:00:00,0.0,24.385626,2
2021-02-02 12:00:00,0.0,24.084375,2
2021-02-03 12:00:00,0.0,24.757498,2
2021-02-04 12:00:00,0.0,24.8175,2
2021-02-05 12:00:00,0.0,24.5675,2
2021-02-06 12:00:00,0.0,24.514685,2
2021-02-07 12:00:00,0.0,24.548439,2
2021-02-08 12:00:00,0.0,25.115936,2
2021-02-09 12:00:00,0.0,25.25375,2
2021-02-10 12:00:00,0.0,25.387812,2
2021-02-11 12:00:00,0.0,25.387812,2
2021-02-12 12:00:00,0.0,25.31875,2
2021-02-13 12:00:00,0.0,25.613752,2
2021-02-14 12:00:00,0.0,25.840313,2
2021-02-15 12:00:00,0.0,26.006248,2
2021-02-16 12:00:00,0.0,26.060934,2
2021-02-17 12:00:00,0.0,25.980627,2
2021-02-18 12:00:00,0.0,26.019688,2
2021-02-19 12:00:00,0.0,26.028124,2
2021-02-20 12:00:00,0.0,26.036873,2
2021-02-21 12:00:00,0.0,25.97875,2
2021-02-22 12:00:00,0.0,25.570934,2
2021-02-23 12:00:00,0.0,25.65,2
2021-02-24 12:00:00,0.0,25.633438,2
2021-02-25 12:00:00,0.0,25.746876,2
2021-02-26 12:00:00,0.0,25.887186,2
2021-02-27 12:00:00,0.0,25.960938,2
2021-02-28 12:00:00,0.0,26.060936,2
2021-03-01 12:00:00,0.0,25.993437,3
2021-03-02 12:00:00,0.0,25.941563,3
2021-03-03 12:00:00,0.0,25.960938,3
2021-03-04 12:00:00,0.0,25.95656,3
2021-03-05 12:00:00,0.0,26.1125,3
2021-03-06 12:00:00,0.0,26.013124,3
2021-03-07 12:00:00,0.0,25.809376,3
2021-03-08 12:00:00,0.0,25.443436,3
2021-03-09 12:00:00,0.0,25.359999,3
2021-03-10 12:00:00,0.0,25.67125,3
2021-03-11 12:00:00,0.0,25.899376,3
2021-03-12 12:00:00,0.0,25.978127,3
2021-03-13 12:00:00,0.0,25.957813,3
2021-03-14 12:00:00,0.0,25.869686,3
2021-03-15 12:00:00,0.0,25.818436,3
2021-03-16 12:00:00,0.0,25.661877,3
2021-03-17 12:00:00,0.0,25.479061,3
2021-03-18 12:00:00,0.0,25.365,3
2021-03-19 12:00:00,0.0,25.205936,3
2021-03-20 12:00:00,0.0,25.200624,3
2021-03-21 12:00:00,0.0,25.100624,3
2021-03-22 12:00:00,0.0,25.097187,3
2021-03-23 12:00:00,0.0,25.04094,3
2021-03-24 12:00:00,0.0,25.117188,3
2021-03-25 12:00:00,0.0,25.127186,3
2021-03-26 12:00:00,0.0,25.20906,3
2021-03-27 12:00:00,0.0,25.405,3
2021-03-28 12:00:00,0.0,25.492811,3
2021-03-29 12:00:00,0.0,26.081562,3
2021-03-30 12:00:00,0.0,26.1425,3
2021-03-31 12:00:00,0.0,26.11906,3
2021-04-01 12:00:00,0.0,26.069061,4
2021-04-02 12:00:00,0.0,26.042187,4
2021-04-03 12:00:00,0.0,25.984999,4
2021-04-04 12:00:00,0.0,26.005625,4
2021-04-05 12:00:00,0.0,25.901562,4
2021-04-06 12:00:00,0.0,25.756876,4
2021-04-07 12:00:00,0.0,25.512499,4
2021-04-08 12:00:00,0.0,25.547188,4
2021-04-09 12:00:00,0.0,25.536873,4
2021-04-10 12:00:00,0.0,25.481874,4
2021-04-11 12:00:00,0.0,25.454689,4
2021-04-12 12:00:00,0.0,25.82156,4
2021-04-13 12:00:00,0.0,25.87531,4
2021-04-14 12:00:00,0.0,25.924376,4
2021-04-15 12:00:00,0.0,25.989374,4
2021-04-16 12:00:00,0.0,26.061874,4
2021-04-17 12:00:00,0.0,26.539999,4
2021-04-18 12:00:00,0.0,26.465937,4
2021-04-19 12:00:00,0.0,26.394686,4
2021-04-20 12:00:00,0.0,26.415627,4
2021-04-21 12:00:00,0.0,26.222189,4
2021-04-22 12:00:00,0.0,26.474064,4
2021-04-23 12:00:00,0.0,26.622812,4
2021-04-24 12:00:00,0.0,26.687187,4
2021-04-25 12:00:00,0.0,26.779377,4
2021-04-26 12:00:00,0.0,26.82156,4
2021-04-27 12:00:00,0.0,26.856873,4
2021-04-28 12:00:00,0.0,26.873749,4
2021-04-29 12:00:00,0.0,26.945312,4
2021-04-30 12:00:00,0.0,27.026247,4
2021-05-01 12:00:00,0.0,27.146875,5
2021-05-02 12:00:00,0.0,27.399687,5
2021-05-03 12:00:00,0.0,27.486874,5
2021-05-04 12:00:00,0.0,27.575937,5
2021-05-05 12:00:00,0.0,27.643126,5
2021-05-06 12:00:00,0.0,27.75969,5
2021-05-07 12:00:00,0.0,27.925938,5
2021-05-08 12:00:00,0.0,27.795626,5
2021-05-09 12:00:00,0.0,27.633125,5
2021-05-10 12:00:00,0.0,27.573126,5
2021-05-11 12:00:00,0.0,27.817186,5
2021-05-12 12:00:00,0.0,28.0075,5
2021-05-13 12:00:00,0.0,27.992188,5
2021-05-14 12:00:00,0.0,27.792189,5
2021-05-15 12:00:00,0.0,27.158438,5
2021-05-16 12:00:00,0.0,27.750624,5
2021-05-17 12:00:00,0.0,27.77531,5
2021-05-18 12:00:00,0.0,27.720936,5
2021-05-19 12:00:00,0.0,27.687498,5
2021-05-20 12:00:00,0.0,27.559061,5
2021-05-21 12:00:00,0.0,26.855,5
2021-05-22 12:00:00,0.0,26.864687,5
2021-05-23 12:00:00,0.0,26.986876,5
2021-05-24 12:00:00,0.0,27.147186,5
2021-05-25 12:00:00,0.0,27.140312,5
2021-05-26 12:00:00,0.0,27.08375,5
2021-05-27 12:00:00,0.0,27.068748,5
2021-05-28 12:00:00,0.0,27.105936,5
2021-05-29 12:00:00,0.0,27.131563,5
2021-05-30 12:00:00,0.0,27.148123,5
2021-05-31 12:00:00,0.0,27.333435,5
2021-06-01 12:00:00,0.0,27.304375,6
2021-06-02 12:00:00,0.0,27.304688,6
2021-06-03 12:00:00,0.0,27.327188,6
2021-06-04 12:00:00,0.0,26.964687,6
2021-06-05 12:00:00,0.0,27.31031,6
2021-06-06 12:00:00,0.0,27.984062,6
2021-06-07 12:00:00,0.0,27.977188,6
2021-06-08 12:00:00,0.0,27.998125,6
2021-06-09 12:00:00,0.0,28.168749,6
2021-06-10 12:00:00,0.0,28.121248,6
2021-06-11 12:00:00,0.0,28.015623,6
2021-06-12 12:00:00,0.0,27.99031,6
2021-06-13 12:00:00,0.0,28.096878,6
2021-06-14 12:00:00,0.0,27.977188,6
2021-06-15 12:00:00,0.0,27.92656,6
2021-06-16 12:00:00,0.0,28.227812,6
2021-06-17 12:00:00,0.0,28.479687,6
2021-06-18 12:00:00,0.0,28.321253,6
2021-06-19 12:00:00,0.0,28.218748,6
2021-06-20 12:00:00,0.0,28.130314,6
2021-06-21 12:00:00,0.0,28.360313,6
2021-06-22 12:00:00,0.0,28.583439,6
2021-06-23 12:00:00,0.0,28.549065,6
2021-06-24 12:00:00,0.0,28.006876,6
2021-06-25 12:00:00,0.0,28.102186,6
2021-06-26 12:00:00,0.0,28.330938,6
2021-06-27 12:00:00,0.0,28.475,6
2021-06-28 12:00:00,0.0,28.158125,6
2021-06-29 12:00:00,0.0,27.791874,6
2021-06-30 12:00:00,0.0,27.34125,6
2021-07-01 12:00:00,0.0,27.554062,7
2021-07-02 12:00:00,0.0,28.19875,7
2021-07-03 12:00:00,0.0,29.160938,7
2021-07-04 12:00:00,0.0,29.152498,7
2021-07-05 12:00:00,0.0,29.114374,7
2021-07-06 12:00:00,0.0,29.062813,7
2021-07-07 12:00:00,0.0,28.667187,7
2021-07-08 12:00:00,0.0,28.7775,7
2021-07-09 12:00:00,0.0,28.676876,7
2021-07-10 12:00:00,0.0,28.5725,7
2021-07-11 12:00:00,0.0,28.430939,7
2021-07-12 12:00:00,0.0,28.560627,7
2021-07-13 12:00:00,0.0,28.622812,7
2021-07-14 12:00:00,0.0,28.242188,7
2021-07-15 12:00:00,0.0,28.348125,7
2021-07-16 12:00:00,0.0,28.577187,7
2021-07-17 12:00:00,0.0,28.666563,7
2021-07-18 12:00:00,0.0,28.722185,7
2021-07-19 12:00:00,0.0,28.865625,7
2021-07-20 12:00:00,0.0,28.939688,7
2021-07-21 12:00:00,0.0,29.028751,7
2021-07-22 12:00:00,0.0,29.388437,7
2021-07-23 12:00:00,0.0,29.528124,7
2021-07-24 12:00:00,0.0,29.184689,7
2021-07-25 12:00:00,0.0,29.309687,7
2021-07-26 12:00:00,0.0,29.595312,7
2021-07-27 12:00:00,0.0,29.772812,7
2021-07-28 12:00:00,0.0,29.965,7
2021-07-29 12:00:00,0.0,30.134062,7
2021-07-30 12:00:00,0.0,30.299374,7
2021-07-31 12:00:00,0.0,30.271875,7
2021-08-01 12:00:00,0.0,30.193436,8
2021-08-02 12:00:00,0.0,30.138123,8
2021-08-03 12:00:00,0.0,30.146873,8
2021-08-04 12:00:00,0.0,30.16625,8
2021-08-05 12:00:00,0.0,30.155624,8
2021-08-06 12:00:00,0.0,30.00406,8
2021-08-07 12:00:00,0.0,30.02875,8
2021-08-08 12:00:00,0.0,30.1125,8
2021-08-09 12:00:00,0.0,30.206873,8
2021-08-10 12:00:00,0.0,30.198437,8
2021-08-11 12:00:00,0.0,30.281248,8
2021-08-12 12:00:00,0.0,30.300936,8
2021-08-13 12:00:00,0.0,30.249374,8
2021-08-14 12:00:00,0.0,29.782814,8
2021-08-15 12:00:00,0.0,29.556562,8
2021-08-16 12:00:00,0.0,29.65906,8
2021-08-17 12:00:00,0.0,29.679062,8
2021-08-18 12:00:00,0.0,29.624374,8
2021-08-19 12:00:00,0.0,29.626564,8
2021-08-20 12:00:00,0.0,29.718746,8
2021-08-21 12:00:00,0.0,29.969374,8
2021-08-22 12:00:00,0.0,29.884687,8
2021-08-23 12:00:00,0.0,29.749062,8
2021-08-24 12:00:00,0.0,29.553125,8
2021-08-25 12:00:00,0.0,29.426249,8
2021-08-26 12:00:00,0.0,29.376562,8
2021-08-27 12:00:00,0.0,29.496561,8
2021-08-28 12:00:00,0.0,29.544996,8
2021-08-29 12:00:00,0.0,29.580624,8
2021-08-30 12:00:00,0.0,29.713438,8
2021-08-31 12:00:00,0.0,29.894686,8
2021-09-01 12:00:00,0.0,29.800936,9
2021-09-02 12:00:00,0.0,29.718435,9
2021-09-03 12:00:00,0.0,29.097498,9
2021-09-04 12:00:00,0.0,29.499996,9
2021-09-05 12:00:00,0.0,29.626562,9
2021-09-06 12:00:00,0.0,29.799374,9
2021-09-07 12:00:00,0.0,29.891874,9
2021-09-08 12:00:00,0.0,29.804062,9
2021-09-09 12:00:00,0.0,29.954062,9
2021-09-10 12:00:00,0.0,30.06219,9
2021-09-11 12:00:00,0.0,30.044062,9
2021-09-12 12:00:00,0.0,29.958748,9
2021-09-13 12:00:00,0.0,29.865,9
2021-09-14 12:00:00,0.0,29.626564,9
2021-09-15 12:00:00,0.0,29.567184,9
2021-09-16 12:00:00,0.0,29.4775,9
2021-09-17 12:00:00,0.0,29.531559,9
2021-09-18 12:00:00,0.0,29.534372,9
2021-09-19 12:00:00,0.0,29.450312,9
2021-09-20 12:00:00,0.0,29.520311,9
2021-09-21 12:00:00,0.0,29.588125,9
2021-09-22 12:00:00,0.0,29.500624,9
2021-09-23 12:00:00,0.0,29.544062,9
2021-09-24 12:00:00,0.0,29.502186,9
2021-09-25 12:00:00,0.0,29.400936,9
2021-09-26 12:00:00,0.0,29.470623,9
2021-09-27 12:00:00,0.0,29.431562,9
2021-09-28 12:00:00,0.0,29.355312,9
2021-09-29 12:00:00,0.0,29.295938,9
2021-09-30 12:00:00,0.0,29.368124,9
2021-10-01 12:00:00,0.0,29.388123,10
2021-10-02 12:00:00,0.0,29.322187,10
2021-10-03 12:00:00,0.0,29.087812,10
2021-10-04 12:00:00,0.0,29.069376,10
2021-10-05 12:00:00,0.0,29.133436,10
2021-10-06 12:00:00,0.0,29.10156,10
2021-10-07 12:00:00,0.0,29.072186,10
2021-10-08 12:00:00,0.0,29.023436,10
2021-10-09 12:00:00,0.0,28.902185,10
2021-10-10 12:00:00,0.0,28.95906,10
2021-10-11 12:00:00,0.0,29.010937,10
2021-10-12 12:00:00,0.0,29.105936,10
2021-10-13 12:00:00,0.0,29.107813,10
2021-10-14 12:00:00,0.0,29.039997,10
2021-10-15 12:00:00,0.0,29.015625,10
2021-10-16 12:00:00,0.0,28.962189,10
2021-10-17 12:00:00,0.0,28.905313,10
2021-10-18 12:00:00,0.0,28.865313,10
2021-10-19 12:00:00,0.0,28.872187,10
2021-10-20 12:00:00,0.0,28.833122,10
2021-10-21 12:00:00,0.0,28.676561,10
2021-10-22 12:00:00,0.0,28.436249,10
2021-10-23 12:00:00,0.0,28.310623,10
2021-10-24 12:00:00,0.0,28.507189,10
2021-10-25 12:00:00,0.0,28.443125,10
2021-10-26 12:00:00,0.0,28.433125,10
2021-10-27 12:00:00,0.0,28.552187,10
2021-10-28 12:00:00,0.0,28.55875,10
2021-10-29 12:00:00,0.0,28.616875,10
2021-10-30 12:00:00,0.0,28.40875,10
2021-10-31 12:00:00,0.0,28.588436,10
2021-11-01 12:00:00,0.0,28.548126,11
2021-11-02 12:00:00,0.0,28.5725,11
2021-11-03 12:00:00,0.0,28.59625,11
2021-11-04 12:00:00,0.0,28.555939,11
2021-11-05 12:00:00,0.0,28.338749,11
2021-11-06 12:00:00,0.0,28.203123,11
2021-11-07 12:00:00,0.0,27.90781,11
2021-11-08 12:00:00,0.0,27.703436,11
2021-11-09 12:00:00,0.0,27.591873,11
2021-11-10 12:00:00,0.0,27.4875,11
2021-11-11 12:00:00,0.0,27.5225,11
2021-11-12 12:00:00,0.0,27.664999,11
2021-11-13 12:00:00,0.0,27.686249,11
2021-11-14 12:00:00,0.0,27.580624,11
2021-11-15 12:00:00,0.0,27.620935,11
2021-11-16 12:00:00,0.0,27.66375,11
2021-11-17 12:00:00,0.0,27.561562,11
2021-11-18 12:00:00,0.0,27.421877,11
2021-11-19 12:00:00,0.0,27.376251,11
2021-11-20 12:00:00,0.0,27.379686,11
2021-11-21 12:00:00,0.0,27.358124,11
2021-11-22 12:00:00,0.0,27.36125,11
2021-11-23 12:00:00,0.0,27.306562,11
2021-11-24 12:00:00,0.0,27.185936,11
2021-11-25 12:00:00,0.0,27.191874,11
2021-11-26 12:00:00,0.0,27.080938,11
2021-11-27 12:00:00,0.0,27.005623,11
2021-11-28 12:00:00,0.0,26.946875,11
2021-11-29 12:00:00,0.0,26.86875,11
2021-11-30 12:00:00,0.0,26.792187,11
2021-12-01 12:00:00,0.0,26.720936,12
2021-12-02 12:00:00,0.0,26.647814,12
2021-12-03 12:00:00,0.0,26.622187,12
2021-12-04 12:00:00,0.0,26.603123,12
2021-12-05 12:00:00,0.0,26.539373,12
2021-12-06 12:00:00,0.0,26.585623,12
2021-12-07 12:00:00,0.0,26.686874,12
2021-12-08 12:00:00,0.0,26.729378,12
2021-12-09 12:00:00,0.0,26.8175,12
2021-12-10 12:00:00,0.0,26.8175,12
2021-12-11 12:00:00,0.0,26.839062,12
2021-12-12 12:00:00,0.0,26.908123,12
2021-12-13 12:00:00,0.0,26.917812,12
2021-12-14 12:00:00,0.0,26.897184,12
2021-12-15 12:00:00,0.0,26.821562,12
2021-12-16 12:00:00,0.0,26.669374,12
2021-12-17 12:00:00,0.0,26.548437,12
2021-12-18 12:00:00,0.0,26.594687,12
2021-12-19 12:00:00,0.0,26.782497,12
2021-12-20 12:00:00,0.0,26.844063,12
2021-12-21 12:00:00,0.0,26.935625,12
2021-12-22 12:00:00,0.0,27.045624,12
2021-12-23 12:00:00,0.0,27.052189,12
2021-12-24 12:00:00,0.0,26.958435,12
2021-12-25 12:00:00,0.0,26.77375,12
2021-12-26 12:00:00,0.0,26.63281,12
2021-12-27 12:00:00,0.0,26.496248,12
2021-12-28 12:00:00,0.0,26.373749,12
2021-12-29 12:00:00,0.0,26.334063,12
2021-12-30 12:00:00,0.0,26.38844,12
2021-12-31 12:00:00,0.0,26.501562,12
2022-01-01 12:00:00,0.0,26.466875,1
2022-01-02 12:00:00,0.0,26.430937,1
2022-01-03 12:00:00,0.0,26.422499,1
2022-01-04 12:00:00,0.0,26.298437,1
2022-01-05 12:00:00,0.0,26.1725,1
2022-01-06 12:00:00,0.0,26.225937,1
2022-01-07 12:00:00,0.0,26.286875,1
2022-01-08 12:00:00,0.0,26.257187,1
2022-01-09 12:00:00,0.0,26.318438,1
2022-01-10 12:00:00,0.0,26.453123,1
2022-01-11 12:00:00,0.0,26.430939,1
2022-01-12 12:00:00,0.0,26.452188,1
2022-01-13 12:00:00,0.0,26.380938,1
2022-01-14 12:00:00,0.0,26.233437,1
2022-01-15 12:00:00,0.0,26.081873,1
2022-01-16 12:00:00,0.0,26.012186,1
2022-01-17 12:00:00,0.0,25.920002,1
2022-01-18 12:00:00,0.0,25.825937,1
2022-01-19 12:00:00,0.0,25.737812,1
2022-01-20 12:00:00,0.0,25.623121,1
2022-01-21 12:00:00,0.0,25.664062,1
2022-01-22 12:00:00,0.0,25.685312,1
2022-01-23 12:00:00,0.0,25.544998,1
2022-01-24 12:00:00,0.0,25.559061,1
2022-01-25 12:00:00,0.0,25.541561,1
2022-01-26 12:00:00,0.0,25.572811,1
2022-01-27 12:00:00,0.0,25.678125,1
2022-01-28 12:00:00,0.0,25.653124,1
2022-01-29 12:00:00,0.0,25.598436,1
2022-01-30 12:00:00,0.0,25.455626,1
2022-01-31 12:00:00,0.0,25.276562,1
2022-02-01 12:00:00,0.0,25.193747,2
2022-02-02 12:00:00,0.0,24.949062,2
2022-02-03 12:00:00,0.0,24.898125,2
2022-02-04 12:00:00,0.0,24.921564,2
2022-02-05 12:00:00,0.0,25.126875,2
2022-02-06 12:00:00,0.0,25.41125,2
2022-02-07 12:00:00,0.0,25.619373,2
2022-02-08 12:00:00,0.0,25.8125,2
2022-02-09 12:00:00,0.0,25.827812,2
2022-02-10 12:00:00,0.0,25.805624,2
2022-02-11 12:00:00,0.0,25.78125,2
2022-02-12 12:00:00,0.0,25.899689,2
2022-02-13 12:00:00,0.0,25.914062,2
2022-02-14 12:00:00,0.0,25.831873,2
2022-02-15 12:00:00,0.0,25.778435,2
2022-02-16 12:00:00,0.0,25.313438,2
2022-02-17 12:00:00,0.0,25.066248,2
2022-02-18 12:00:00,0.0,25.105936,2
2022-02-19 12:00:00,0.0,25.131561,2
2022-02-20 12:00:00,0.0,25.216873,2
2022-02-21 12:00:00,0.0,25.168125,2
2022-02-22 12:00:00,0.0,25.140625,2
2022-02-23 12:00:00,0.0,25.19531,2
2022-02-24 12:00:00,0.0,25.198437,2
2022-02-25 12:00:00,0.0,25.26125,2
2022-02-26 12:00:00,0.0,25.311874,2
2022-02-27 12:00:00,0.0,25.44531,2
2022-02-28 12:00:00,0.0,25.74281,2
2022-03-01 12:00:00,0.0,25.880312,3
2022-03-02 12:00:00,0.0,25.887812,3
2022-03-03 12:00:00,0.0,25.873749,3
2022-03-04 12:00:00,0.0,25.813124,3
2022-03-05 12:00:00,0.0,25.791876,3
2022-03-06 12:00:00,0.0,25.796875,3
2022-03-07 12:00:00,0.0,25.747501,3
2022-03-08 12:00:00,0.0,25.828436,3
2022-03-09 12:00:00,0.0,26.010624,3
2022-03-10 12:00:00,0.0,26.133749,3
2022-03-11 12:00:00,0.0,26.273123,3
2022-03-12 12:00:00,0.0,26.32625,3
2022-03-13 12:00:00,0.0,26.227186,3
2022-03-14 12:00:00,0.0,26.065,3
2022-03-15 12:00:00,0.0,25.73875,3
2022-03-16 12:00:00,0.0,25.825314,3
2022-03-17 12:00:00,0.0,25.881561,3
2022-03-18 12:00:00,0.0,25.984375,3
2022-03-19 12:00:00,0.0,26.009375,3
2022-03-20 12:00:00,0.0,26.178125,3
2022-03-21 12:00:00,0.0,26.11156,3
2022-03-22 12:00:00,0.0,26.062498,3
2022-03-23 12:00:00,0.0,26.002188,3
2022-03-24 12:00:00,0.0,26.109688,3
2022-03-25 12:00:00,0.0,26.163435,3
2022-03-26 12:00:00,0.0,26.076563,3
2022-03-27 12:00:00,0.0,25.995626,3
2022-03-28 12:00:00,0.0,25.916876,3
2022-03-29 12:00:00,0.0,25.990625,3
2022-03-30 12:00:00,0.0,26.023125,3
2022-03-31 12:00:00,0.0,26.003124,3
2022-04-01 12:00:00,0.0,26.089998,4
2022-04-02 12:00:00,0.0,26.210312,4
2022-04-03 12:00:00,0.0,26.210936,4
2022-04-04 12:00:00,0.0,26.257812,4
2022-04-05 12:00:00,0.0,26.331251,4
2022-04-06 12:00:00,0.0,26.453438,4
2022-04-07 12:00:00,0.0,26.575312,4
2022-04-08 12:00:00,0.0,26.547499,4
2022-04-09 12:00:00,0.0,26.486248,4
2022-04-10 12:00:00,0.0,26.340624,4
2022-04-11 12:00:00,0.0,26.225624,4
2022-04-12 12:00:00,0.0,26.188438,4
2022-04-13 12:00:00,0.0,26.089373,4
2022-04-14 12:00:00,0.0,26.027813,4
2022-04-15 12:00:00,0.0,26.027498,4
2022-04-16 12:00:00,0.0,25.9925,4
2022-04-17 12:00:00,0.0,26.208128,4
2022-04-18 12:00:00,0.0,26.437813,4
2022-04-19 12:00:00,0.0,26.335,4
2022-04-20 12:00:00,0.0,26.237186,4
2022-04-21 12:00:00,0.0,26.128435,4
2022-04-22 12:00:00,0.0,26.015,4
2022-04-23 12:00:00,0.0,25.92875,4
2022-04-24 12:00:00,0.0,25.868439,4
2022-04-25 12:00:00,0.0,25.847187,4
2022-04-26 12:00:00,0.0,25.896563,4
2022-04-27 12:00:00,0.0,26.052813,4
2022-04-28 12:00:00,0.0,26.228123,4
2022-04-29 12:00:00,0.0,26.276876,4
2022-04-30 12:00:00,0.0,26.334688,4
2022-05-01 12:00:00,0.0,26.33625,5
2022-05-02 12:00:00,0.0,26.2825,5
2022-05-03 12:00:00,0.0,26.365313,5
2022-05-04 12:00:00,0.0,26.51,5
2022-05-05 12:00:00,0.0,26.76344,5
2022-05-06 12:00:00,0.0,26.858435,5
2022-05-07 12:00:00,0.0,26.885313,5
2022-05-08 12:00:00,0.0,26.91125,5
2022-05-09 12:00:00,0.0,26.905937,5
2022-05-10 12:00:00,0.0,26.815624,5
2022-05-11 12:00:00,0.0,26.642502,5
2022-05-12 12:00:00,0.0,26.529062,5
2022-05-13 12:00:00,0.0,26.651875,5
2022-05-14 12:00:00,0.0,27.028439,5
2022-05-15 12:00:00,0.0,27.331873,5
2022-05-16 12:00:00,0.0,27.550936,5
2022-05-17 12:00:00,0.0,27.689686,5
2022-05-18 12:00:00,0.0,27.894999,5
2022-05-19 12:00:00,0.0,28.076878,5
2022-05-20 12:00:00,0.0,27.987812,5
2022-05-21 12:00:00,0.0,27.855,5
2022-05-22 12:00:00,0.0,27.748123,5
2022-05-23 12:00:00,0.0,27.978125,5
2022-05-24 12:00:00,0.0,28.080313,5
2022-05-25 12:00:00,0.0,28.009686,5
2022-05-26 12:00:00,0.0,28.011562,5
2022-05-27 12:00:00,0.0,28.050938,5
2022-05-28 12:00:00,0.0,28.112814,5
2022-05-29 12:00:00,0.0,28.157812,5
2022-05-30 12:00:00,0.0,28.04375,5
2022-05-31 12:00:00,0.0,27.885939,5
2022-06-01 12:00:00,0.0,27.86281,6
2022-06-02 12:00:00,0.0,27.827812,6
2022-06-03 12:00:00,0.0,27.813437,6
2022-06-04 12:00:00,0.0,27.508749,6
2022-06-05 12:00:00,0.0,27.572813,6
2022-06-06 12:00:00,0.0,27.759064,6
2022-06-07 12:00:00,0.0,27.716875,6
2022-06-08 12:00:00,0.0,27.936249,6
2022-06-09 12:00:00,0.0,28.213436,6
2022-06-10 12:00:00,0.0,28.291561,6
2022-06-11 12:00:00,0.0,28.427498,6
2022-06-12 12:00:00,0.0,28.659687,6
2022-06-13 12:00:00,0.0,28.81531,6
2022-06-14 12:00:00,0.0,28.699375,6
2022-06-15 12:00:00,0.0,28.885311,6
2022-06-16 12:00:00,0.0,28.965313,6
2022-06-17 12:00:00,0.0,28.976562,6
2022-06-18 12:00:00,0.0,29.051561,6
2022-06-19 12:00:00,0.0,29.244999,6
2022-06-20 12:00:00,0.0,29.262812,6
2022-06-21 12:00:00,0.0,29.26375,6
2022-06-22 12:00:00,0.0,29.214062,6
2022-06-23 12:00:00,0.0,29.137812,6
2022-06-24 12:00:00,0.0,29.089998,6
2022-06-25 12:00:00,0.0,29.190624,6
2022-06-26 12:00:00,0.0,29.404375,6
2022-06-27 12:00:00,0.0,29.369688,6
2022-06-28 12:00:00,0.0,29.302813,6
2022-06-29 12:00:00,0.0,29.342184,6
2022-06-30 12:00:00,0.0,29.271563,6
2022-07-01 12:00:00,0.0,29.243122,7
2022-07-02 12:00:00,0.0,29.212812,7
2022-07-03 12:00:00,0.0,29.253437,7
2022-07-04 12:00:00,0.0,29.259377,7
2022-07-05 12:00:00,0.0,29.289375,7
2022-07-06 12:00:00,0.0,29.36875,7
2022-07-07 12:00:00,0.0,29.485624,7
2022-07-08 12:00:00,0.0,29.54656,7
2022-07-09 12:00:00,0.0,29.64875,7
2022-07-10 12:00:00,0.0,29.737185,7
2022-07-11 12:00:00,0.0,29.893436,7
2022-07-12 12:00:00,0.0,30.009998,7
2022-07-13 12:00:00,0.0,30.15125,7
2022-07-14 12:00:00,0.0,30.289686,7
2022-07-15 12:00:00,0.0,30.176876,7
2022-07-16 12:00:00,0.0,30.028439,7
2022-07-17 12:00:00,0.0,29.8375,7
2022-07-18 12:00:00,0.0,29.69375,7
2022-07-19 12:00:00,0.0,29.736248,7
2022-07-20 12:00:00,0.0,29.895622,7
2022-07-21 12:00:00,0.0,30.045626,7
2022-07-22 12:00:00,0.0,30.006563,7
2022-07-23 12:00:00,0.0,29.955313,7
2022-07-24 12:00:00,0.0,29.920311,7
2022-07-25 12:00:00,0.0,29.858124,7
2022-07-26 12:00:00,0.0,29.735935,7
2022-07-27 12:00:00,0.0,29.52125,7
2022-07-28 12:00:00,0.0,29.50875,7
2022-07-29 12:00:00,0.0,29.546875,7
2022-07-30 12:00:00,0.0,29.6175,7
2022-07-31 12:00:00,0.0,29.624063,7
2022-08-01 12:00:00,0.0,29.618437,8
2022-08-02 12:00:00,0.0,29.711563,8
2022-08-03 12:00:00,0.0,29.689688,8
2022-08-04 12:00:00,0.0,29.692501,8
2022-08-05 12:00:00,0.0,29.619062,8
2022-08-06 12:00:00,0.0,29.605,8
2022-08-07 12:00:00,0.0,29.595625,8
2022-08-08 12:00:00,0.0,29.408127,8
2022-08-09 12:00:00,0.0,29.285936,8
2022-08-10 12:00:00,0.0,29.20656,8
2022-08-11 12:00:00,0.0,29.286251,8
2022-08-12 12:00:00,0.0,29.427185,8
2022-08-13 12:00:00,0.0,29.59125,8
2022-08-14 12:00:00,0.0,29.740936,8
2022-08-15 12:00:00,0.0,29.8625,8
2022-08-16 12:00:00,0.0,29.868748,8
2022-08-17 12:00:00,0.0,29.9475,8
2022-08-18 12:00:00,0.0,30.089375,8
2022-08-19 12:00:00,0.0,30.26375,8
2022-08-20 12:00:00,0.0,30.253126,8
2022-08-21 12:00:00,0.0,30.22,8
2022-08-22 12:00:00,0.0,30.203438,8
2022-08-23 12:00:00,0.0,30.214685,8
2022-08-24 12:00:00,0.0,30.26656,8
2022-08-25 12:00:00,0.0,30.251875,8
2022-08-26 12:00:00,0.0,30.264688,8
2022-08-27 12:00:00,0.0,30.269375,8
2022-08-28 12:00:00,0.0,30.085938,8
2022-08-29 12:00:00,0.0,29.878752,8
2022-08-30 12:00:00,0.0,29.87875,8
2022-08-31 12:00:00,0.0,30.093122,8
2022-09-01 12:00:00,0.0,30.17875,9
2022-09-02 12:00:00,0.0,30.228437,9
2022-09-03 12:00:00,0.0,30.374685,9
2022-09-04 12:00:00,0.0,30.384377,9
2022-09-05 12:00:00,0.0,30.444685,9
2022-09-06 12:00:00,0.0,30.440937,9
2022-09-07 12:00:00,0.0,30.426561,9
2022-09-08 12:00:00,0.0,30.345625,9
2022-09-09 12:00:00,0.0,30.26781,9
2022-09-10 12:00:00,0.0,30.279688,9
2022-09-11 12:00:00,0.0,30.353437,9
2022-09-12 12:00:00,0.0,30.435,9
2022-09-13 12:00:00,0.0,30.392185,9
2022-09-14 12:00:00,0.0,30.3,9
2022-09-15 12:00:00,0.0,30.2025,9
2022-09-16 12:00:00,0.0,30.067814,9
2022-09-17 12:00:00,0.0,29.859373,9
2022-09-18 12:00:00,0.0,29.726562,9
2022-09-19 12:00:00,0.0,29.701874,9
2022-09-20 12:00:00,0.0,29.706558,9
2022-09-21 12:00:00,0.0,29.705,9
2022-09-22 12:00:00,0.0,29.715313,9
2022-09-23 12:00:00,0.0,29.761873,9
2022-09-24 12:00:00,0.0,29.814688,9
2022-09-25 12:00:00,0.0,29.86625,9
2022-09-26 12:00:00,0.0,29.78875,9
2022-09-27 12:00:00,0.0,29.715,9
2022-09-28 12:00:00,0.0,29.167498,9
2022-09-29 12:00:00,0.0,29.150936,9
2022-09-30 12:00:00,0.0,29.16781,9
2022-10-01 12:00:00,0.0,29.098438,10
2022-10-02 12:00:00,0.0,28.964998,10
2022-10-03 12:00:00,0.0,28.907187,10
2022-10-04 12:00:00,0.0,28.852812,10
2022-10-05 12:00:00,0.0,28.749998,10
2022-10-06 12:00:00,0.0,28.690624,10
2022-10-07 12:00:00,0.0,28.625,10
2022-10-08 12:00:00,0.0,28.560938,10
2022-10-09 12:00:00,0.0,28.576563,10
2022-10-10 12:00:00,0.0,28.609062,10
2022-10-11 12:00:00,0.0,28.639374,10
2022-10-12 12:00:00,0.0,28.674686,10
2022-10-13 12:00:00,0.0,28.690311,10
2022-10-14 12:00:00,0.0,28.706562,10
2022-10-15 12:00:00,0.0,28.721874,10
2022-10-16 12:00:00,0.0,28.698437,10
2022-10-17 12:00:00,0.0,28.651562,10
2022-10-18 12:00:00,0.0,28.640625,10
2022-10-19 12:00:00,0.0,28.535625,10
2022-10-20 12:00:00,0.0,28.231249,10
2022-10-21 12:00:00,0.0,28.179375,10
2022-10-22 12:00:00,0.0,28.104374,10
2022-10-23 12:00:00,0.0,28.046562,10
2022-10-24 12:00:00,0.0,28.020935,10
2022-10-25 12:00:00,0.0,28.021873,10
2022-10-26 12:00:00,0.0,28.006874,10
2022-10-27 12:00:00,0.0,27.920626,10
2022-10-28 12:00:00,0.0,27.90406,10
2022-10-29 12:00:00,0.0,27.899061,10
2022-10-30 12:00:00,0.0,27.927498,10
2022-10-31 12:00:00,0.0,28.028435,10
2022-11-01 12:00:00,0.0,28.10875,11
2022-11-02 12:00:00,0.0,28.158436,11
2022-11-03 12:00:00,0.0,28.203747,11
2022-11-04 12:00:00,0.0,28.205,11
2022-11-05 12:00:00,0.0,28.10875,11
2022-11-06 12:00:00,0.0,28.023125,11
2022-11-07 12:00:00,0.0,27.968124,11
2022-11-08 12:00:00,0.0,27.902187,11
2022-11-09 12:00:00,0.0,27.583752,11
2022-11-10 12:00:00,0.0,27.593124,11
2022-11-11 12:00:00,0.0,27.638124,11
2022-11-12 12:00:00,0.0,27.680624,11
2022-11-13 12:00:00,0.0,27.665937,11
2022-11-14 12:00:00,0.0,27.661251,11
2022-11-15 12:00:00,0.0,27.698439,11
2022-11-16 12:00:00,0.0,27.815,11
2022-11-17 12:00:00,0.0,27.824684,11
2022-11-18 12:00:00,0.0,27.77281,11
2022-11-19 12:00:00,0.0,27.653124,11
2022-11-20 12:00:00,0.0,27.643438,11
2022-11-21 12:00:00,0.0,27.486248,11
2022-11-22 12:00:00,0.0,27.564062,11
2022-11-23 12:00:00,0.0,27.640936,11
2022-11-24 12:00:00,0.0,27.579062,11
2022-11-25 12:00:00,0.0,27.560623,11
2022-11-26 12:00:00,0.0,27.575937,11
2022-11-27 12:00:00,0.0,27.560312,11
2022-11-28 12:00:00,0.0,27.641874,11
2022-11-29 12:00:00,0.0,27.654062,11
2022-11-30 12:00:00,0.0,27.559687,11
2022-12-01 12:00:00,0.0,27.411247,12
2022-12-02 12:00:00,0.0,27.302187,12
2022-12-03 12:00:00,0.0,27.20375,12
2022-12-04 12:00:00,0.0,27.078436,12
2022-12-05 12:00:00,0.0,27.039688,12
2022-12-06 12:00:00,0.0,26.994375,12
2022-12-07 12:00:00,0.0,26.956562,12
2022-12-08 12:00:00,0.0,26.893438,12
2022-12-09 12:00:00,0.0,26.833435,12
2022-12-10 12:00:00,0.0,26.818436,12
2022-12-11 12:00:00,0.0,26.800627,12
2022-12-12 12:00:00,0.0,26.80625,12
2022-12-13 12:00:00,0.0,26.76781,12
2022-12-14 12:00:00,0.0,26.689375,12
2022-12-15 12:00:00,0.0,26.620935,12
2022-12-16 12:00:00,0.0,26.681873,12
2022-12-17 12:00:00,0.0,26.654062,12
2022-12-18 12:00:00,0.0,26.627499,12
2022-12-19 12:00:00,0.0,26.56125,12
2022-12-20 12:00:00,0.0,26.547499,12
2022-12-21 12:00:00,0.0,26.531563,12
2022-12-22 12:00:00,0.0,26.486876,12
2022-12-23 12:00:00,0.0,26.474686,12
2022-12-24 12:00:00,0.0,26.443436,12
2022-12-25 12:00:00,0.0,26.410936,12
2022-12-26 12:00:00,0.0,26.275623,12
2022-12-27 12:00:00,0.0,25.713749,12
2022-12-28 12:00:00,0.0,25.743124,12
2022-12-29 12:00:00,0.0,25.644373,12
2022-12-30 12:00:00,0.0,25.764061,12
2022-12-31 12:00:00,0.0,25.861563,12
2023-01-01 12:00:00,0.0,26.049997,1
2023-01-02 12:00:00,0.0,26.0325,1
2023-01-03 12:00:00,0.0,25.934685,1
2023-01-04 12:00:00,0.0,25.967812,1
2023-01-05 12:00:00,0.0,26.105934,1
2023-01-06 12:00:00,0.0,26.119062,1
2023-01-07 12:00:00,0.0,26.075,1
2023-01-08 12:00:00,0.0,25.9625,1
2023-01-09 12:00:00,0.0,25.961248,1
2023-01-10 12:00:00,0.0,25.961246,1
2023-01-11 12:00:00,0.0,25.875628,1
2023-01-12 12:00:00,0.0,25.844374,1
2023-01-13 12:00:00,0.0,25.88875,1
2023-01-14 12:00:00,0.0,25.81875,1
2023-01-15 12:00:00,0.0,25.690937,1
2023-01-16 12:00:00,0.0,25.37469,1
2023-01-17 12:00:00,0.0,25.299063,1
2023-01-18 12:00:00,0.0,25.231249,1
2023-01-19 12:00:00,0.0,25.428123,1
2023-01-20 12:00:00,0.0,25.647188,1
2023-01-21 12:00:00,0.0,25.715624,1
2023-01-22 12:00:00,0.0,25.887186,1
2023-01-23 12:00:00,0.0,26.035315,1
2023-01-24 12:00:00,0.0,26.004688,1
2023-01-25 12:00:00,0.0,26.044685,1
2023-01-26 12:00:00,0.0,26.146248,1
2023-01-27 12:00:00,0.0,26.004374,1
2023-01-28 12:00:00,0.0,25.760939,1
2023-01-29 12:00:00,0.0,25.874062,1
2023-01-30 12:00:00,0.0,26.026562,1
2023-01-31 12:00:00,0.0,26.079687,1
2023-02-01 12:00:00,0.0,26.13875,2
2023-02-02 12:00:00,0.0,26.148438,2
2023-02-03 12:00:00,0.0,26.138124,2
2023-02-04 12:00:00,0.0,25.95875,2
2023-02-05 12:00:00,0.0,25.716562,2
2023-02-06 12:00:00,0.0,25.589687,2
2023-02-07 12:00:00,0.0,25.524063,2
2023-02-08 12:00:00,0.0,25.445936,2
2023-02-09 12:00:00,0.0,25.402498,2
2023-02-10 12:00:00,0.0,25.503124,2
2023-02-11 12:00:00,0.0,25.588749,2
2023-02-12 12:00:00,0.0,25.673124,2
2023-02-13 12:00:00,0.0,25.749374,2
2023-02-14 12:00:00,0.0,25.75,2
2023-02-15 12:00:00,0.0,25.629375,2
2023-02-16 12:00:00,0.0,25.613125,2
2023-02-17 12:00:00,0.0,25.637503,2
2023-02-18 12:00:00,0.0,25.675938,2
2023-02-19 12:00:00,0.0,25.755936,2
2023-02-20 12:00:00,0.0,25.885937,2
2023-02-21 12:00:00,0.0,25.956562,2
2023-02-22 12:00:00,0.0,25.93781,2
2023-02-23 12:00:00,0.0,25.972813,2
2023-02-24 12:00:00,0.0,26.019373,2
2023-02-25 12:00:00,0.0,26.060936,2
2023-02-26 12:00:00,0.0,26.055937,2
2023-02-27 12:00:00,0.0,26.069374,2
2023-02-28 12:00:00,0.0,26.156874,2
2023-03-01 12:00:00,0.0,26.208437,3
2023-03-02 12:00:00,0.0,26.084063,3
2023-03-03 12:00:00,0.0,25.933437,3
2023-03-04 12:00:00,0.0,25.934687,3
2023-03-05 12:00:00,0.0,26.08031,3
2023-03-06 12:00:00,0.0,26.171873,3
2023-03-07 12:00:00,0.0,26.160936,3
2023-03-08 12:00:00,0.0,26.055939,3
2023-03-09 12:00:00,0.0,25.930624,3
2023-03-10 12:00:00,0.0,25.79125,3
2023-03-11 12:00:00,0.0,25.604372,3
2023-03-12 12:00:00,0.0,25.502186,3
2023-03-13 12:00:00,0.0,25.455936,3
2023-03-14 12:00:00,0.0,25.385624,3
2023-03-15 12:00:00,0.0,25.336561,3
2023-03-16 12:00:00,0.0,25.364998,3
2023-03-17 12:00:00,0.0,25.325935,3
2023-03-18 12:00:00,0.0,25.350313,3
2023-03-19 12:00:00,0.0,25.376873,3
2023-03-20 12:00:00,0.0,25.243748,3
2023-03-21 12:00:00,0.0,25.251562,3
2023-03-22 12:00:00,0.0,25.301561,3
2023-03-23 12:00:00,0.0,25.350626,3
2023-03-24 12:00:00,0.0,25.468124,3
2023-03-25 12:00:00,0.0,25.638435,3
2023-03-26 12:00:00,0.0,25.866253,3
2023-03-27 12:00:00,0.0,26.10719,3
2023-03-28 12:00:00,0.0,26.309689,3
2023-03-29 12:00:00,0.0,26.389376,3
2023-03-30 12:00:00,0.0,26.273125,3
2023-03-31 12:00:00,0.0,26.156874,3
2023-04-01 12:00:00,0.0,26.07406,4
2023-04-02 12:00:00,0.0,26.224998,4
2023-04-03 12:00:00,0.0,26.34406,4
2023-04-04 12:00:00,0.0,26.443125,4
2023-04-05 12:00:00,0.0,26.4875,4
2023-04-06 12:00:00,0.0,26.358438,4
2023-04-07 12:00:00,0.0,26.244999,4
2023-04-08 12:00:00,0.0,26.263435,4
2023-04-09 12:00:00,0.0,26.315626,4
2023-04-10 12:00:00,0.0,26.263437,4
2023-04-11 12:00:00,0.0,26.213125,4
2023-04-12 12:00:00,0.0,26.033125,4
2023-04-13 12:00:00,0.0,26.098438,4
2023-04-14 12:00:00,0.0,26.285938,4
2023-04-15 12:00:00,0.0,26.60906,4
2023-04-16 12:00:00,0.0,26.86625,4
2023-04-17 12:00:00,0.0,26.878748,4
2023-04-18 12:00:00,0.0,26.769999,4
2023-04-19 12:00:00,0.0,26.762499,4
2023-04-20 12:00:00,0.0,26.585,4
2023-04-21 12:00:00,0.0,26.535934,4
2023-04-22 12:00:00,0.0,26.62531,4
2023-04-23 12:00:00,0.0,26.690311,4
2023-04-24 12:00:00,0.0,26.764687,4
2023-04-25 12:00:00,0.0,26.800934,4
2023-04-26 12:00:00,0.0,26.787498,4
2023-04-27 12:00:00,0.0,26.875626,4
2023-04-28 12:00:00,0.0,26.969688,4
2023-04-29 12:00:00,0.0,27.006876,4
2023-04-30 12:00:00,0.0,27.060938,4
2023-05-01 12:00:00,0.0,26.979374,5
2023-05-02 12:00:00,0.0,26.943748,5
2023-05-03 12:00:00,0.0,26.845314,5
2023-05-04 12:00:00,0.0,26.97031,5
2023-05-05 12:00:00,0.0,26.90375,5
2023-05-06 12:00:00,0.0,26.91031,5
2023-05-07 12:00:00,0.0,26.864376,5
2023-05-08 12:00:00,0.0,26.861252,5
2023-05-09 12:00:00,0.0,26.984686,5
2023-05-10 12:00:00,0.0,27.0425,5
2023-05-11 12:00:00,0.0,27.040936,5
2023-05-12 12:00:00,0.0,27.064999,5
2023-05-13 12:00:00,0.0,27.180624,5
2023-05-14 12:00:00,0.0,27.203438,5
2023-05-15 12:00:00,0.0,27.224375,5
2023-05-16 12:00:00,0.0,27.322187,5
2023-05-17 12:00:00,0.0,27.438437,5
2023-05-18 12:00:00,0.0,27.759375,5
2023-05-19 12:00:00,0.0,27.853123,5
2023-05-20 12:00:00,0.0,27.864687,5
2023-05-21 12:00:00,0.0,27.893126,5
2023-05-22 12:00:00,0.0,28.0075,5
2023-05-23 12:00:00,0.0,28.148436,5
2023-05-24 12:00:00,0.0,28.239061,5
2023-05-25 12:00:00,0.0,28.203125,5
2023-05-26 12:00:00,0.0,28.150625,5
2023-05-27 12:00:00,0.0,28.163124,5
2023-05-28 12:00:00,0.0,28.316565,5
2023-05-29 12:00:00,0.0,28.392813,5
2023-05-30 12:00:00,0.0,28.360935,5
2023-05-31 12:00:00,0.0,28.354687,5
2023-06-01 12:00:00,0.0,28.330626,6
2023-06-02 12:00:00,0.0,28.315937,6
2023-06-03 12:00:00,0.0,28.394375,6
2023-06-04 12:00:00,0.0,28.325314,6
2023-06-05 12:00:00,0.0,28.281248,6
2023-06-06 12:00:00,0.0,28.279062,6
2023-06-07 12:00:00,0.0,28.217186,6
2023-06-08 12:00:00,0.0,28.179998,6
2023-06-09 12:00:00,0.0,28.188124,6
2023-06-10 12:00:00,0.0,28.329063,6
2023-06-11 12:00:00,0.0,28.35375,6
2023-06-12 12:00:00,0.0,28.401247,6
2023-06-13 12:00:00,0.0,28.444998,6
2023-06-14 12:00:00,0.0,28.554688,6
2023-06-15 12:00:00,0.0,28.675938,6
2023-06-16 12:00:00,0.0,28.760313,6
2023-06-17 12:00:00,0.0,28.812185,6
2023-06-18 12:00:00,0.0,28.820936,6
2023-06-19 12:00:00,0.0,28.865623,6
2023-06-20 12:00:00,0.0,28.849062,6
2023-06-21 12:00:00,0.0,28.893124,6
2023-06-22 12:00:00,0.0,29.028126,6
2023-06-23 12:00:00,0.0,28.994686,6
2023-06-24 12:00:00,0.0,29.206875,6
2023-06-25 12:00:00,0.0,29.390938,6
2023-06-26 12:00:00,0.0,29.5825,6
2023-06-27 12:00:00,0.0,29.700935,6
2023-06-28 12:00:00,0.0,29.757185,6
2023-06-29 12:00:00,0.0,30.034687,6
2023-06-30 12:00:00,0.0,30.088749,6
2023-07-01 12:00:00,0.0,30.175623,7
2023-07-02 12:00:00,0.0,30.290623,7
2023-07-03 12:00:00,0.0,30.353436,7
2023-07-04 12:00:00,0.0,30.558437,7
2023-07-05 12:00:00,0.0,30.615313,7
2023-07-06 12:00:00,0.0,30.822186,7
2023-07-07 12:00:00,0.0,30.8025,7
2023-07-08 12:00:00,0.0,30.750313,7
2023-07-09 12:00:00,0.0,30.809376,7
2023-07-10 12:00:00,0.0,30.689375,7
2023-07-11 12:00:00,0.0,30.803122,7
2023-07-12 12:00:00,0.0,30.891562,7
2023-07-13 12:00:00,0.0,31.023125,7
2023-07-14 12:00:00,0.0,31.162186,7
2023-07-15 12:00:00,0.0,31.169062,7
2023-07-16 12:00:00,0.0,31.127188,7
2023-07-17 12:00:00,0.0,30.962502,7
2023-07-18 12:00:00,0.0,30.818752,7
2023-07-19 12:00:00,0.0,30.714996,7
2023-07-20 12:00:00,0.0,30.605,7
2023-07-21 12:00:00,0.0,30.671873,7
2023-07-22 12:00:00,0.0,30.654999,7
2023-07-23 12:00:00,0.0,30.72844,7
2023-07-24 12:00:00,0.0,30.896873,7
2023-07-25 12:00:00,0.0,30.970314,7
2023-07-26 12:00:00,0.0,30.993126,7
2023-07-27 12:00:00,0.0,30.802813,7
2023-07-28 12:00:00,0.0,30.496561,7
2023-07-29 12:00:00,0.0,30.466562,7
2023-07-30 12:00:00,0.0,30.535938,7
2023-07-31 12:00:00,0.0,30.58531,7
2023-08-01 12:00:00,0.0,30.630001,8
2023-08-02 12:00:00,0.0,30.716562,8
2023-08-03 12:00:00,0.0,30.72656,8
2023-08-04 12:00:00,0.0,30.74375,8
2023-08-05 12:00:00,0.0,30.834997,8
2023-08-06 12:00:00,0.0,30.873436,8
2023-08-07 12:00:00,0.0,31.0,8
2023-08-08 12:00:00,0.0,31.145937,8
2023-08-09 12:00:00,0.0,31.22281,8
2023-08-10 12:00:00,0.0,31.213125,8
2023-08-11 12:00:00,0.0,31.242188,8
2023-08-12 12:00:00,0.0,31.274374,8
2023-08-13 12:00:00,0.0,31.144062,8
2023-08-14 12:00:00,0.0,30.963436,8
2023-08-15 12:00:00,0.0,30.950935,8
2023-08-16 12:00:00,0.0,30.8875,8
2023-08-17 12:00:00,0.0,30.769371,8
2023-08-18 12:00:00,0.0,30.607813,8
2023-08-19 12:00:00,0.0,30.605936,8
2023-08-20 12:00:00,0.0,30.51531,8
2023-08-21 12:00:00,0.0,30.386875,8
2023-08-22 12:00:00,0.0,30.282187,8
2023-08-23 12:00:00,0.0,30.339375,8
2023-08-24 12:00:00,0.0,30.333437,8
2023-08-25 12:00:00,0.0,30.159689,8
2023-08-26 12:00:00,0.0,30.088438,8
2023-08-27 12:00:00,0.0,30.125937,8
2023-08-28 12:00:00,0.0,30.219374,8
2023-08-29 12:00:00,0.0,30.369688,8
2023-08-30 12:00:00,0.0,30.249687,8
2023-08-31 12:00:00,0.0,30.31219,8
2023-09-01 12:00:00,0.0,30.268436,9
2023-09-02 12:00:00,0.0,30.135313,9
2023-09-03 12:00:00,0.0,29.999687,9
2023-09-04 12:00:00,0.0,29.80875,9
2023-09-05 12:00:00,0.0,29.796873,9
2023-09-06 12:00:00,0.0,29.759998,9
2023-09-07 12:00:00,0.0,29.775,9
2023-09-08 12:00:00,0.0,29.803125,9
2023-09-09 12:00:00,0.0,29.944061,9
2023-09-10 12:00:00,0.0,30.229689,9
2023-09-11 12:00:00,0.0,30.274374,9
2023-09-12 12:00:00,0.0,30.339375,9
2023-09-13 12:00:00,0.0,30.379688,9
2023-09-14 12:00:00,0.0,30.420937,9
2023-09-15 12:00:00,0.0,30.492188,9
2023-09-16 12:00:00,0.0,30.521563,9
2023-09-17 12:00:00,0.0,30.557499,9
2023-09-18 12:00:00,0.0,30.561562,9
2023-09-19 12:00:00,0.0,30.5975,9
2023-09-20 12:00:00,0.0,30.526564,9
2023-09-21 12:00:00,0.0,30.50125,9
2023-09-22 12:00:00,0.0,30.393747,9
2023-09-23 12:00:00,0.0,30.276247,9
2023-09-24 12:00:00,0.0,30.07156,9
2023-09-25 12:00:00,0.0,29.933437,9
2023-09-26 12:00:00,0.0,29.886875,9
2023-09-27 12:00:00,0.0,29.704689,9
2023-09-28 12:00:00,0.0,29.847189,9
2023-09-29 12:00:00,0.0,29.977186,9
2023-09-30 12:00:00,0.0,29.923126,9
2023-10-01 12:00:00,0.0,29.867188,10
2023-10-02 12:00:00,0.0,29.714375,10
2023-10-03 12:00:00,0.0,29.612186,10
2023-10-04 12:00:00,0.0,29.545002,10
2023-10-05 12:00:00,0.0,29.466251,10
2023-10-06 12:00:00,0.0,29.51,10
2023-10-07 12:00:00,0.0,29.649998,10
2023-10-08 12:00:00,0.0,29.720312,10
2023-10-09 12:00:00,0.0,29.663439,10
2023-10-10 12:00:00,0.0,29.66406,10
2023-10-11 12:00:00,0.0,29.6875,10
2023-10-12 12:00:00,0.0,29.756874,10
2023-10-13 12:00:00,0.0,29.889374,10
2023-10-14 12:00:00,0.0,29.9125,10
2023-10-15 12:00:00,0.0,29.875,10
2023-10-16 12:00:00,0.0,29.74125,10
2023-10-17 12:00:00,0.0,29.523748,10
2023-10-18 12:00:00,0.0,29.339064,10
2023-10-19 12:00:00,0.0,29.206562,10
2023-10-20 12:00:00,0.0,28.969687,10
2023-10-21 12:00:00,0.0,28.850313,10
2023-10-22 12:00:00,0.0,28.780313,10
2023-10-23 12:00:00,0.0,28.77375,10
2023-10-24 12:00:00,0.0,28.862812,10
2023-10-25 12:00:00,0.0,28.957186,10
2023-10-26 12:00:00,0.0,28.831873,10
2023-10-27 12:00:00,0.0,28.615,10
2023-10-28 12:00:00,0.0,28.397188,10
2023-10-29 12:00:00,0.0,28.249374,10
2023-10-30 12:00:00,0.0,28.273125,10
2023-10-31 12:00:00,0.0,28.43969,10
2023-11-01 12:00:00,0.0,28.478125,11
2023-11-02 12:00:00,0.0,28.383436,11
2023-11-03 12:00:00,0.0,28.276249,11
2023-11-04 12:00:00,0.0,28.178125,11
2023-11-05 12:00:00,0.0,28.112497,11
2023-11-06 12:00:00,0.0,28.084686,11
2023-11-07 12:00:00,0.0,28.127813,11
2023-11-08 12:00:00,0.0,28.162188,11
2023-11-09 12:00:00,0.0,28.184998,11
2023-11-10 12:00:00,0.0,28.185627,11
2023-11-11 12:00:00,0.0,28.301561,11
2023-11-12 12:00:00,0.0,28.3225,11
2023-11-13 12:00:00,0.0,28.31406,11
2023-11-14 12:00:00,0.0,28.286562,11
2023-11-15 12:00:00,0.0,28.148127,11
2023-11-16 12:00:00,0.0,27.87906,11
2023-11-17 12:00:00,0.0,27.831562,11
2023-11-18 12:00:00,0.0,27.734062,11
2023-11-19 12:00:00,0.0,27.660624,11
2023-11-20 12:00:00,0.0,27.685623,11
2023-11-21 12:00:00,0.0,27.65625,11
2023-11-22 12:00:00,0.0,27.613438,11
2023-11-23 12:00:00,0.0,27.530312,11
2023-11-24 12:00:00,0.0,27.518438,11
2023-11-25 12:00:00,0.0,27.537498,11
2023-11-26 12:00:00,0.0,27.630627,11
2023-11-27 12:00:00,0.0,27.72781,11
2023-11-28 12:00:00,0.0,27.787811,11
2023-11-29 12:00:00,0.0,27.588749,11
2023-11-30 12:00:00,0.0,27.404686,11
2023-12-01 12:00:00,0.0,27.333124,12
2023-12-02 12:00:00,0.0,27.346249,12
2023-12-03 12:00:00,0.0,27.522186,12
2023-12-04 12:00:00,0.0,27.666874,12
2023-12-05 12:00:00,0.0,27.64875,12
2023-12-06 12:00:00,0.0,27.663122,12
2023-12-07 12:00:00,0.0,27.616877,12
2023-12-08 12:00:00,0.0,27.405312,12
2023-12-09 12:00:00,0.0,27.145313,12
2023-12-10 12:00:00,0.0,27.072813,12
2023-12-11 12:00:00,0.0,27.11375,12
2023-12-12 12:00:00,0.0,27.153437,12
2023-12-13 12:00:00,0.0,27.149376,12
2023-12-14 12:00:00,0.0,27.03156,12
2023-12-15 12:00:00,0.0,26.799374,12
2023-12-16 12:00:00,0.0,26.885624,12
2023-12-17 12:00:00,0.0,26.83125,12
2023-12-18 12:00:00,0.0,26.574688,12
2023-12-19 12:00:00,0.0,26.429375,12
2023-12-20 12:00:00,0.0,26.241562,12
2023-12-21 12:00:00,0.0,26.273748,12
2023-12-22 12:00:00,0.0,26.191563,12
2023-12-23 12:00:00,0.0,26.16375,12
2023-12-24 12:00:00,0.0,26.002811,12
2023-12-25 12:00:00,0.0,26.01875,12
2023-12-26 12:00:00,0.0,26.115938,12
2023-12-27 12:00:00,0.0,26.0525,12
2023-12-28 12:00:00,0.0,26.006248,12
2023-12-29 12:00:00,0.0,26.03375,12
2023-12-30 12:00:00,0.0,25.680939,12
2023-12-31 12:00:00,0.0,25.416876,12
2024-01-01 12:00:00,0.0,25.383749,1
2024-01-02 12:00:00,0.0,25.423437,1
2024-01-03 12:00:00,0.0,25.334686,1
2024-01-04 12:00:00,0.0,25.364374,1
2024-01-05 12:00:00,0.0,25.24031,1
2024-01-06 12:00:00,0.0,25.128435,1
2024-01-07 12:00:00,0.0,25.356249,1
2024-01-08 12:00:00,0.0,25.290625,1
2024-01-09 12:00:00,0.0,25.41906,1
2024-01-10 12:00:00,0.0,25.57625,1
2024-01-11 12:00:00,0.0,25.38625,1
2024-01-12 12:00:00,0.0,25.442186,1
2024-01-13 12:00:00,0.0,25.534063,1
2024-01-14 12:00:00,0.0,25.451874,1
2024-01-15 12:00:00,0.0,25.630623,1
2024-01-16 12:00:00,0.0,25.716562,1
2024-01-17 12:00:00,0.0,25.668436,1
2024-01-18 12:00:00,0.0,25.454063,1
2024-01-19 12:00:00,0.0,25.524685,1
2024-01-20 12:00:00,0.0,25.505312,1
2024-01-21 12:00:00,0.0,25.453127,1
2024-01-22 12:00:00,0.0,25.406248,1
2024-01-23 12:00:00,0.0,25.30281,1
2024-01-24 12:00:00,0.0,25.19375,1
2024-01-25 12:00:00,0.0,25.268751,1
2024-01-26 12:00:00,0.0,25.476875,1
2024-01-27 12:00:00,0.0,25.603436,1
2024-01-28 12:00:00,0.0,25.758123,1
2024-01-29 12:00:00,0.0,25.8575,1
2024-01-30 12:00:00,0.0,25.851562,1
2024-01-31 12:00:00,0.0,25.702187,1
2024-02-01 12:00:00,0.0,25.474375,2
2024-02-02 12:00:00,0.0,25.300625,2
2024-02-03 12:00:00,0.0,25.210625,2
2024-02-04 12:00:00,0.0,25.18875,2
2024-02-05 12:00:00,0.0,25.095,2
2024-02-06 12:00:00,0.0,24.812187,2
2024-02-07 12:00:00,0.0,24.563128,2
2024-02-08 12:00:00,0.0,24.641872,2
2024-02-09 12:00:00,0.0,24.694689,2
2024-02-10 12:00:00,0.0,24.672499,2
2024-02-11 12:00:00,0.0,24.717497,2
2024-02-12 12:00:00,0.0,24.781874,2
2024-02-13 12:00:00,0.0,24.907188,2
2024-02-14 12:00:00,0.0,24.935623,2
2024-02-15 12:00:00,0.0,24.93125,2
2024-02-16 12:00:00,0.0,24.936872,2
2024-02-17 12:00:00,0.0,24.970938,2
2024-02-18 12:00:00,0.0,25.169374,2
2024-02-19 12:00:00,0.0,25.154688,2
2024-02-20 12:00:00,0.0,25.143436,2
2024-02-21 12:00:00,0.0,25.020624,2
2024-02-22 12:00:00,0.0,24.891876,2
2024-02-23 12:00:00,0.0,24.959373,2
2024-02-24 12:00:00,0.0,24.86875,2
2024-02-25 12:00:00,0.0,24.658125,2
2024-02-26 12:00:00,0.0,24.721874,2
2024-02-27 12:00:00,0.0,24.843437,2
2024-02-28 12:00:00,0.0,24.929062,2
2024-02-29 12:00:00,0.0,24.869375,2
2024-03-01 12:00:00,0.0,24.902813,3
2024-03-02 12:00:00,0.0,24.845938,3
2024-03-03 12:00:00,0.0,25.233124,3
2024-03-04 12:00:00,0.0,25.448124,3
2024-03-05 12:00:00,0.0,25.460938,3
2024-03-06 12:00:00,0.0,25.449062,3
2024-03-07 12:00:00,0.0,25.500937,3
2024-03-08 12:00:00,0.0,25.545,3
2024-03-09 12:00:00,0.0,25.56375,3
2024-03-10 12:00:00,0.0,25.81,3
2024-03-11 12:00:00,0.0,25.811563,3
2024-03-12 12:00:00,0.0,25.599375,3
2024-03-13 12:00:00,0.0,25.56406,3
2024-03-14 12:00:00,0.0,25.659376,3
2024-03-15 12:00:00,0.0,25.725937,3
2024-03-16 12:00:00,0.0,25.695312,3
2024-03-17 12:00:00,0.0,25.773438,3
2024-03-18 12:00:00,0.0,25.80625,3
2024-03-19 12:00:00,0.0,25.773438,3
2024-03-20 12:00:00,0.0,25.806875,3
2024-03-21 12:00:00,0.0,25.811249,3
2024-03-22 12:00:00,0.0,25.818123,3
2024-03-23 12:00:00,0.0,25.79344,3
2024-03-24 12:00:00,0.0,25.834064,3
2024-03-25 12:00:00,0.0,25.78875,3
2024-03-26 12:00:00,0.0,25.599998,3
2024-03-27 12:00:00,0.0,25.586561,3
2024-03-28 12:00:00,0.0,25.530937,3
2024-03-29 12:00:00,0.0,25.492811,3
2024-03-30 12:00:00,0.0,25.439062,3
2024-03-31 12:00:00,0.0,25.428436,3
2024-04-01 12:00:00,0.0,25.459064,4
2024-04-02 12:00:00,0.0,25.520937,4
2024-04-03 12:00:00,0.0,25.694061,4
2024-04-04 12:00:00,0.0,25.773127,4
2024-04-05 12:00:00,0.0,25.687809,4
2024-04-06 12:00:00,0.0,25.704998,4
2024-04-07 12:00:00,0.0,25.76344,4
2024-04-08 12:00:00,0.0,25.722813,4
2024-04-09 12:00:00,0.0,25.620937,4
2024-04-10 12:00:00,0.0,25.654686,4
2024-04-11 12:00:00,0.0,25.668749,4
2024-04-12 12:00:00,0.0,25.824062,4
2024-04-13 12:00:00,0.0,25.959372,4
2024-04-14 12:00:00,0.0,25.970938,4
2024-04-15 12:00:00,0.0,25.985312,4
2024-04-16 12:00:00,0.0,25.948748,4
2024-04-17 12:00:00,0.0,25.96125,4
2024-04-18 12:00:00,0.0,26.001562,4
2024-04-19 12:00:00,0.0,26.007187,4
2024-04-20 12:00:00,0.0,26.095312,4
2024-04-21 12:00:00,0.0,26.268124,4
2024-04-22 12:00:00,0.0,26.291874,4
2024-04-23 12:00:00,0.0,26.22375,4
2024-04-24 12:00:00,0.0,26.255938,4
2024-04-25 12:00:00,0.0,26.2375,4
2024-04-26 12:00:00,0.0,26.249687,4
2024-04-27 12:00:00,0.0,26.172499,4
2024-04-28 12:00:00,0.0,26.182188,4
2024-04-29 12:00:00,0.0,26.18906,4
2024-04-30 12:00:00,0.0,26.101873,4
2024-05-01 12:00:00,0.0,26.143124,5
2024-05-02 12:00:00,0.0,26.34125,5
2024-05-03 12:00:00,0.0,26.55281,5
2024-05-04 12:00:00,0.0,26.74906,5
2024-05-05 12:00:00,0.0,26.82406,5
2024-05-06 12:00:00,0.0,26.803436,5
2024-05-07 12:00:00,0.0,26.878748,5
2024-05-08 12:00:00,0.0,27.12281,5
2024-05-09 12:00:00,0.0,27.420938,5
2024-05-10 12:00:00,0.0,27.633438,5
2024-05-11 12:00:00,0.0,27.771248,5
2024-05-12 12:00:00,0.0,27.835,5
2024-05-13 12:00:00,0.0,27.861248,5
2024-05-14 12:00:00,0.0,27.954062,5
2024-05-15 12:00:00,0.0,28.119062,5
2024-05-16 12:00:00,0.0,28.285625,5
2024-05-17 12:00:00,0.0,28.500624,5
2024-05-18 12:00:00,0.0,28.797186,5
2024-05-19 12:00:00,0.0,28.939688,5
2024-05-20 12:00:00,0.0,28.985,5
2024-05-21 12:00:00,0.0,28.938126,5
2024-05-22 12:00:00,0.0,28.940311,5
2024-05-23 12:00:00,0.0,29.0525,5
2024-05-24 12:00:00,0.0,29.232185,5
2024-05-25 12:00:00,0.0,29.304062,5
2024-05-26 12:00:00,0.0,29.264061,5
2024-05-27 12:00:00,0.0,29.371561,5
2024-05-28 12:00:00,0.0,29.479374,5
2024-05-29 12:00:00,0.0,29.589685,5
2024-05-30 12:00:00,0.0,29.612188,5
2024-05-31 12:00:00,0.0,29.491564,5
2024-06-01 12:00:00,0.0,29.412186,6
2024-06-02 12:00:00,0.0,29.263124,6
2024-06-03 12:00:00,0.0,28.866562,6
2024-06-04 12:00:00,0.0,28.854687,6
2024-06-05 12:00:00,0.0,28.947187,6
2024-06-06 12:00:00,0.0,29.131248,6
2024-06-07 12:00:00,0.0,29.313751,6
2024-06-08 12:00:00,0.0,29.393126,6
2024-06-09 12:00:00,0.0,29.501564,6
2024-06-10 12:00:00,0.0,29.443748,6
2024-06-11 12:00:00,0.0,29.3975,6
2024-06-12 12:00:00,0.0,29.316248,6
2024-06-13 12:00:00,0.0,29.212187,6
2024-06-14 12:00:00,0.0,28.93,6
2024-06-15 12:00:00,0.0,28.809689,6
2024-06-16 12:00:00,0.0,28.83375,6
2024-06-17 12:00:00,0.0,28.951563,6
2024-06-18 12:00:00,0.0,28.936563,6
2024-06-19 12:00:00,0.0,28.955938,6
2024-06-20 12:00:00,0.0,28.974375,6
2024-06-21 12:00:00,0.0,29.103125,6
2024-06-22 12:00:00,0.0,29.247187,6
2024-06-23 12:00:00,0.0,29.28094,6
2024-06-24 12:00:00,0.0,29.301872,6
2024-06-25 12:00:00,0.0,29.372498,6
2024-06-26 12:00:00,0.0,29.609062,6
2024-06-27 12:00:00,0.0,29.833126,6
2024-06-28 12:00:00,0.0,29.938126,6
2024-06-29 12:00:00,0.0,29.959997,6
2024-06-30 12:00:00,0.0,29.969372,6
2024-07-01 12:00:00,0.0,29.885313,7
2024-07-02 12:00:00,0.0,29.873436,7
2024-07-03 12:00:00,0.0,29.859688,7
2024-07-04 12:00:00,0.0,29.799376,7
2024-07-05 12:00:00,0.0,29.903124,7
2024-07-06 12:00:00,0.0,30.250935,7
2024-07-07 12:00:00,0.0,30.395626,7
2024-07-08 12:00:00,0.0,30.401562,7
2024-07-09 12:00:00,0.0,30.189999,7
2024-07-10 12:00:00,0.0,30.192812,7
2024-07-11 12:00:00,0.0,29.877811,7
2024-07-12 12:00:00,0.0,29.824375,7
2024-07-13 12:00:00,0.0,29.848124,7
2024-07-14 12:00:00,0.0,29.774687,7
2024-07-15 12:00:00,0.0,29.815,7
2024-07-16 12:00:00,0.0,29.863749,7
2024-07-17 12:00:00,0.0,29.978437,7
2024-07-18 12:00:00,0.0,29.997498,7
2024-07-19 12:00:00,0.0,29.855312,7
2024-07-20 12:00:00,0.0,29.739374,7
2024-07-21 12:00:00,0.0,29.90875,7
2024-07-22 12:00:00,0.0,29.997812,7
2024-07-23 12:00:00,0.0,29.97656,7
2024-07-24 12:00:00,0.0,30.010937,7
2024-07-25 12:00:00,0.0,30.091875,7
2024-07-26 12:00:00,0.0,30.259687,7
2024-07-27 12:00:00,0.0,30.459375,7
2024-07-28 12:00:00,0.0,30.597813,7
2024-07-29 12:00:00,0.0,30.523125,7
2024-07-30 12:00:00,0.0,30.499687,7
2024-07-31 12:00:00,0.0,30.429686,7
2024-08-01 12:00:00,0.0,30.43625,8
2024-08-02 12:00:00,0.0,30.440311,8
2024-08-03 12:00:00,0.0,30.341248,8
2024-08-04 12:00:00,0.0,29.964375,8
2024-08-05 12:00:00,0.0,29.955936,8
2024-08-06 12:00:00,0.0,29.893438,8
2024-08-07 12:00:00,0.0,29.914377,8
2024-08-08 12:00:00,0.0,29.961872,8
2024-08-09 12:00:00,0.0,30.020311,8
2024-08-10 12:00:00,0.0,30.16531,8
2024-08-11 12:00:00,0.0,30.235312,8
2024-08-12 12:00:00,0.0,30.26031,8
2024-08-13 12:00:00,0.0,30.508123,8
2024-08-14 12:00:00,0.0,30.768124,8
2024-08-15 12:00:00,0.0,30.764687,8
2024-08-16 12:00:00,0.0,30.679064,8
2024-08-17 12:00:00,0.0,30.474375,8
2024-08-18 12:00:00,0.0,30.483437,8
2024-08-19 12:00:00,0.0,30.479998,8
2024-08-20 12:00:00,0.0,30.452812,8
2024-08-21 12:00:00,0.0,30.498749,8
2024-08-22 12:00:00,0.0,30.574373,8
2024-08-23 12:00:00,0.0,30.510624,8
2024-08-24 12:00:00,0.0,30.343748,8
2024-08-25 12:00:00,0.0,30.314688,8
2024-08-26 12:00:00,0.0,30.358747,8
2024-08-27 12:00:00,0.0,30.316872,8
2024-08-28 12:00:00,0.0,30.179998,8
2024-08-29 12:00:00,0.0,30.065935,8
2024-08-30 12:00:00,0.0,29.955313,8
2024-08-31 12:00:00,0.0,29.898125,8
2024-09-01 12:00:00,0.0,29.797812,9
2024-09-02 12:00:00,0.0,29.723122,9
2024-09-03 12:00:00,0.0,29.666561,9
2024-09-04 12:00:00,0.0,29.661251,9
2024-09-05 12:00:00,0.0,29.729689,9
2024-09-06 12:00:00,0.0,29.919374,9
2024-09-07 12:00:00,0.0,30.118435,9
2024-09-08 12:00:00,0.0,30.194687,9
2024-09-09 12:00:00,0.0,30.306562,9
2024-09-10 12:00:00,0.0,30.334688,9
2024-09-11 12:00:00,0.0,30.289062,9
2024-09-12 12:00:00,0.0,30.244377,9
2024-09-13 12:00:00,0.0,30.553125,9
2024-09-14 12:00:00,0.0,30.603437,9
2024-09-15 12:00:00,0.0,30.550312,9
2024-09-16 12:00:00,0.0,30.620937,9
2024-09-17 12:00:00,0.0,30.64875,9
2024-09-18 12:00:00,0.0,30.623123,9
2024-09-19 12:00:00,0.0,30.582186,9
2024-09-20 12:00:00,0.0,30.460625,9
2024-09-21 12:00:00,0.0,30.402811,9
2024-09-22 12:00:00,0.0,30.370312,9
2024-09-23 12:00:00,0.0,30.372501,9
2024-09-24 12:00:00,0.0,30.314062,9
2024-09-25 12:00:00,0.0,30.243748,9
2024-09-26 12:00:00,0.0,30.15594,9
2024-09-27 12:00:00,0.0,29.911873,9
2024-09-28 12:00:00,0.0,29.912498,9
2024-09-29 12:00:00,0.0,29.968124,9
2024-09-30 12:00:00,0.0,30.004063,9
2024-10-01 12:00:00,0.0,30.173437,10
2024-10-02 12:00:00,0.0,30.230623,10
2024-10-03 12:00:00,0.0,30.23156,10
2024-10-04 12:00:00,0.0,30.172188,10
2024-10-05 12:00:00,0.0,30.127188,10
2024-10-06 12:00:00,0.0,30.09406,10
2024-10-07 12:00:00,0.0,29.857187,10
2024-10-08 12:00:00,0.0,29.742498,10
2024-10-09 12:00:00,0.0,29.835,10
2024-10-10 12:00:00,0.0,29.61625,10
2024-10-11 12:00:00,0.0,29.690311,10
2024-10-12 12:00:00,0.0,29.623749,10
2024-10-13 12:00:00,0.0,29.582499,10
2024-10-14 12:00:00,0.0,29.508436,10
2024-10-15 12:00:00,0.0,29.486563,10
2024-10-16 12:00:00,0.0,29.399689,10
2024-10-17 12:00:00,0.0,29.33781,10
2024-10-18 12:00:00,0.0,29.125624,10
2024-10-19 12:00:00,0.0,28.839064,10
2024-10-20 12:00:00,0.0,28.724373,10
2024-10-21 12:00:00,0.0,28.585,10
2024-10-22 12:00:00,0.0,28.456875,10
2024-10-23 12:00:00,0.0,28.411251,10
2024-10-24 12:00:00,0.0,28.444061,10
2024-10-25 12:00:00,0.0,28.488123,10
2024-10-26 12:00:00,0.0,28.47625,10
2024-10-27 12:00:00,0.0,28.474688,10
2024-10-28 12:00:00,0.0,28.424063,10
2024-10-29 12:00:00,0.0,28.045626,10
2024-10-30 12:00:00,0.0,27.966251,10
2024-10-31 12:00:00,0.0,27.968437,10
2024-11-01 12:00:00,0.0,27.971561,11
2024-11-02 12:00:00,0.0,28.053125,11
2024-11-03 12:00:00,0.0,28.038435,11
2024-11-04 12:00:00,0.0,27.983437,11
2024-11-05 12:00:00,0.0,27.897501,11
2024-11-06 12:00:00,0.0,27.892813,11
2024-11-07 12:00:00,0.0,27.872189,11
2024-11-08 12:00:00,0.0,27.922499,11
2024-11-09 12:00:00,0.0,27.950937,11
2024-11-10 12:00:00,0.0,27.952814,11
2024-11-11 12:00:00,0.0,27.936249,11
2024-11-12 12:00:00,0.0,27.932499,11
2024-11-13 12:00:00,0.0,27.890938,11
2024-11-14 12:00:00,0.0,27.741562,11
2024-11-15 12:00:00,0.0,27.540936,11
2024-11-16 12:00:00,0.0,27.559998,11
2024-11-17 12:00:00,0.0,27.539062,11
2024-11-18 12:00:00,0.0,27.526875,11
2024-11-19 12:00:00,0.0,27.416876,11
2024-11-20 12:00:00,0.0,27.47875,11
2024-11-21 12:00:00,0.0,27.495937,11
2024-11-22 12:00:00,0.0,27.487812,11
2024-11-23 12:00:00,0.0,27.269062,11
2024-11-24 12:00:00,0.0,27.086561,11
2024-11-25 12:00:00,0.0,26.955936,11
2024-11-26 12:00:00,0.0,26.86156,11
2024-11-27 12:00:00,0.0,26.975935,11
2024-11-28 12:00:00,0.0,27.051561,11
2024-11-29 12:00:00,0.0,27.199375,11
2024-11-30 12:00:00,0.0,27.128122,11
2024-12-01 12:00:00,0.0,26.935312,12
2024-12-02 12:00:00,0.0,26.891872,12
2024-12-03 12:00:00,0.0,26.863749,12
2024-12-04 12:00:00,0.0,26.823437,12
2024-12-05 12:00:00,0.0,26.762186,12
2024-12-06 12:00:00,0.0,26.733438,12
2024-12-07 12:00:00,0.0,26.630001,12
2024-12-08 12:00:00,0.0,26.613125,12
2024-12-09 12:00:00,0.0,26.6975,12
2024-12-10 12:00:00,0.0,26.734062,12
2024-12-11 12:00:00,0.0,26.719063,12
2024-12-12 12:00:00,0.0,26.54281,12
2024-12-13 12:00:00,0.0,26.410936,12
2024-12-14 12:00:00,0.0,26.250626,12
2024-12-15 12:00:00,0.0,26.062187,12
2024-12-16 12:00:00,0.0,25.92156,12
2024-12-17 12:00:00,0.0,25.86531,12
2024-12-18 12:00:00,0.0,26.049686,12
2024-12-19 12:00:00,0.0,26.221561,12
2024-12-20 12:00:00,0.0,26.282812,12
2024-12-21 12:00:00,0.0,26.272188,12
2024-12-22 12:00:00,0.0,26.082813,12
2024-12-23 12:00:00,0.0,26.008747,12
2024-12-24 12:00:00,0.0,25.929064,12
2024-12-25 12:00:00,0.0,25.91375,12
2024-12-26 12:00:00,0.0,25.988438,12
2024-12-27 12:00:00,0.0,25.889374,12
2024-12-28 12:00:00,0.0,25.864376,12
2024-12-29 12:00:00,0.0,25.890938,12
2024-12-30 12:00:00,0.0,25.944374,12
2024-12-31 12:00:00,0.0,25.920311,12
